{
  "source": "ATTOM Listing Analytics (weekly MLS feed)",
  "extractDate": "2026-06-15",
  "totalListings": 25214,
  "counties": [
    "Citrus",
    "Marion",
    "Polk"
  ],
  "windowDays": 90,
  "submarkets": [
    {
      "key": "marion-oaks",
      "name": "Marion Oaks (Ocala)",
      "soldCount90d": 129,
      "medianPricePerSf": 166.05166051660515,
      "medianPricePerSfNewConstruction": 167.38581709735752,
      "medianDaysOnMarket": 56,
      "newConstructionSharePct": 68,
      "activeListings": 350,
      "benchmark": {
        "lotsSold": [
          20000,
          28000,
          28500,
          30000,
          32000,
          35000,
          35000,
          35000,
          36000,
          36000,
          40000,
          40000,
          41000,
          41000,
          42000,
          42500,
          43000,
          44500,
          45000,
          45000,
          45000,
          45000,
          45000,
          46200,
          47000,
          47000,
          48500,
          49000,
          50000,
          54000,
          56000,
          56000,
          160000,
          160000
        ],
        "ncSoldPrices": [
          239900,
          240000,
          244900,
          244990,
          252000,
          255000,
          255888,
          260000,
          264899,
          265000,
          265000,
          265000,
          265000,
          265000,
          266000,
          267990,
          268000,
          269000,
          269000,
          269000,
          269990,
          270000,
          275000,
          275000,
          278900,
          280000,
          285000,
          285000,
          285000,
          289900,
          289990,
          289990,
          289999,
          290000,
          290000,
          290000,
          290000,
          292000,
          293000,
          294000,
          294900,
          295000,
          295000,
          295000,
          297000,
          297000,
          297900,
          299900,
          300000,
          300000,
          300000,
          301000,
          304900,
          305000,
          305000,
          305000,
          307000,
          308000,
          308900,
          309900,
          310000,
          313000,
          315000,
          315000,
          318000,
          319900,
          320000,
          320000,
          320000,
          320000,
          320070,
          323000,
          324000,
          325070,
          329900,
          329990,
          335000,
          337070,
          339900,
          339900,
          342070,
          346900,
          348900,
          349000,
          361984,
          390000,
          485000,
          487000
        ],
        "ncPpsf": [
          145.1,
          149.4,
          149.5,
          152.2,
          152.2,
          153.6,
          154.8,
          155,
          155.3,
          155.5,
          156.2,
          156.9,
          157.4,
          157.5,
          158.2,
          158.6,
          159.2,
          159.6,
          160,
          160.6,
          160.7,
          160.8,
          161.2,
          161.2,
          161.8,
          162.4,
          162.5,
          162.7,
          162.8,
          162.8,
          163.3,
          163.4,
          163.5,
          163.5,
          163.7,
          163.9,
          164,
          164.2,
          164.3,
          164.5,
          165.6,
          165.9,
          166.2,
          167.1,
          167.7,
          168.9,
          169.6,
          169.9,
          169.9,
          170,
          170.1,
          170.3,
          170.5,
          170.8,
          171.6,
          172.7,
          172.9,
          173.8,
          174,
          174.3,
          174.5,
          175.1,
          175.1,
          175.1,
          175.1,
          175.3,
          177.7,
          177.8,
          178.1,
          178.2,
          179.7,
          179.7,
          180.4,
          180.5,
          182.4,
          182.7,
          183.6,
          184.4,
          186.2,
          187.1,
          189.7,
          191.6,
          194,
          198.2,
          204.1,
          205.1,
          206,
          237.2
        ]
      }
    },
    {
      "key": "citrus-springs",
      "name": "Citrus Springs",
      "soldCount90d": 87,
      "medianPricePerSf": 164.17613636363637,
      "medianPricePerSfNewConstruction": 164.23852950190337,
      "medianDaysOnMarket": 43,
      "newConstructionSharePct": 76,
      "activeListings": 290,
      "benchmark": {
        "lotsSold": [
          11500,
          12000,
          15000,
          15000,
          15500,
          15500,
          16000,
          16000,
          16500,
          17000,
          17000,
          17000,
          17500,
          17500,
          17833,
          17833,
          17833,
          17900,
          18000,
          18500,
          18500,
          18500,
          18900,
          19500,
          20000,
          20000,
          21000,
          21000,
          22500,
          23000,
          23500,
          23750,
          40000
        ],
        "ncSoldPrices": [
          223500,
          223500,
          225000,
          227500,
          227500,
          229000,
          231500,
          239400,
          239400,
          239400,
          239400,
          239900,
          255000,
          255000,
          257145,
          259000,
          259990,
          259990,
          263900,
          264990,
          268000,
          268000,
          269900,
          269900,
          269900,
          270000,
          270000,
          275000,
          275000,
          279000,
          279000,
          279500,
          280000,
          281000,
          281000,
          283500,
          283500,
          284990,
          287990,
          287990,
          288650,
          288950,
          288990,
          288990,
          289070,
          289070,
          289900,
          289900,
          289990,
          289990,
          290000,
          292000,
          295000,
          295070,
          295070,
          299700,
          299750,
          309000,
          325000,
          325000,
          325000,
          333000,
          335000,
          350000,
          350000,
          410900
        ],
        "ncPpsf": [
          144.6,
          145.5,
          145.5,
          149.1,
          149.1,
          150.5,
          152.5,
          152.5,
          153.7,
          153.7,
          155,
          155,
          155.5,
          155.5,
          156.7,
          157.5,
          157.5,
          158.1,
          158.1,
          158.1,
          158.1,
          158.7,
          159.5,
          161.3,
          161.3,
          161.4,
          161.4,
          162.8,
          163.5,
          163.8,
          163.8,
          164,
          164.2,
          164.3,
          165.8,
          166.8,
          166.8,
          167.3,
          169.2,
          170.3,
          170.4,
          170.4,
          170.4,
          170.4,
          171.4,
          172.1,
          172.6,
          172.9,
          175.1,
          175.7,
          176.6,
          176.8,
          176.8,
          177.7,
          178.4,
          180,
          180,
          183.1,
          186.4,
          186.4,
          189.6,
          193.9,
          194.3,
          195.6,
          200.2,
          211.3
        ]
      }
    },
    {
      "key": "rainbow-lakes",
      "name": "Rainbow Lakes",
      "soldCount90d": 26,
      "medianPricePerSf": 182.32323232323233,
      "medianPricePerSfNewConstruction": 182.5951825951826,
      "medianDaysOnMarket": 60.5,
      "newConstructionSharePct": 81,
      "activeListings": 55,